{"cameraMode":{"drawMode":0,"name":"Shaded","section":"Shading Mode"},"sceneLighting":false,"audioPlay":false,"sceneViewState":{"showFog":false,"showMaterialUpdate":false,"showSkybox":false,"showFlares":false,"showImageEffects":false,"showParticleSystems":false},"in2DMode":false,"pivot":{"x":9.890000343322754,"y":1.9099998474121094,"z":-1.5242786407470704},"rotation":{"x":0.07325870543718338,"y":0.925202488899231,"z":-0.2340863198041916,"w":0.28954651951789858},"size":17.59994888305664,"orthographic":false}