{"cameraMode":{"drawMode":0,"name":"Shaded","section":"Shading Mode"},"sceneLighting":true,"audioPlay":false,"sceneViewState":{"showFog":false,"showMaterialUpdate":false,"showSkybox":false,"showFlares":false,"showImageEffects":false,"showParticleSystems":false},"in2DMode":false,"pivot":{"x":106.06818389892578,"y":17.778818130493165,"z":3.2507245540618898},"rotation":{"x":-0.1915156990289688,"y":0.1906077265739441,"z":-0.03794395178556442,"w":-0.962055504322052},"size":28.989517211914064,"orthographic":true}